user_id,role_id,username,email,password_hash,wallet_address,first_name,last_name
1001,1,p1,p1@example.com,hashP1,0xPARTICIPANT001,Participant1,User1
1002,1,p2,p2@example.com,hashP2,0xPARTICIPANT002,Participant2,User2
1003,1,p3,p3@example.com,hashP3,0xPARTICIPANT003,Participant3,User3
1004,1,p4,p4@example.com,hashP4,0xPARTICIPANT004,Participant4,User4
1005,1,p5,p5@example.com,hashP5,0xPARTICIPANT005,Participant5,User5
1006,1,p6,p6@example.com,hashP6,0xPARTICIPANT006,Participant6,User6
1007,1,p7,p7@example.com,hashP7,0xPARTICIPANT007,Participant7,User7
1008,1,p8,p8@example.com,hashP8,0xPARTICIPANT008,Participant8,User8
1009,1,p9,p9@example.com,hashP9,0xPARTICIPANT009,Participant9,User9
1010,1,p10,p10@example.com,hashP10,0xPARTICIPANT010,Participant10,User10
1011,1,p11,p11@example.com,hashP11,0xPARTICIPANT011,Participant11,User11
1012,1,p12,p12@example.com,hashP12,0xPARTICIPANT012,Participant12,User12
1013,1,p13,p13@example.com,hashP13,0xPARTICIPANT013,Participant13,User13
1014,1,p14,p14@example.com,hashP14,0xPARTICIPANT014,Participant14,User14
1015,1,p15,p15@example.com,hashP15,0xPARTICIPANT015,Participant15,User15
1016,1,p16,p16@example.com,hashP16,0xPARTICIPANT016,Participant16,User16
1017,1,p17,p17@example.com,hashP17,0xPARTICIPANT017,Participant17,User17
1018,1,p18,p18@example.com,hashP18,0xPARTICIPANT018,Participant18,User18
1019,1,p19,p19@example.com,hashP19,0xPARTICIPANT019,Participant19,User19
1020,1,p20,p20@example.com,hashP20,0xPARTICIPANT020,Participant20,User20
1021,1,p21,p21@example.com,hashP21,0xPARTICIPANT021,Participant21,User21
1022,1,p22,p22@example.com,hashP22,0xPARTICIPANT022,Participant22,User22
1023,1,p23,p23@example.com,hashP23,0xPARTICIPANT023,Participant23,User23
1024,1,p24,p24@example.com,hashP24,0xPARTICIPANT024,Participant24,User24
1025,1,p25,p25@example.com,hashP25,0xPARTICIPANT025,Participant25,User25
1026,1,p26,p26@example.com,hashP26,0xPARTICIPANT026,Participant26,User26
1027,1,p27,p27@example.com,hashP27,0xPARTICIPANT027,Participant27,User27
1028,1,p28,p28@example.com,hashP28,0xPARTICIPANT028,Participant28,User28
1029,1,p29,p29@example.com,hashP29,0xPARTICIPANT029,Participant29,User29
1030,1,p30,p30@example.com,hashP30,0xPARTICIPANT030,Participant30,User30
1031,1,p31,p31@example.com,hashP31,0xPARTICIPANT031,Participant31,User31
1032,1,p32,p32@example.com,hashP32,0xPARTICIPANT032,Participant32,User32
1033,1,p33,p33@example.com,hashP33,0xPARTICIPANT033,Participant33,User33
1034,1,p34,p34@example.com,hashP34,0xPARTICIPANT034,Participant34,User34
1035,1,p35,p35@example.com,hashP35,0xPARTICIPANT035,Participant35,User35
1036,1,p36,p36@example.com,hashP36,0xPARTICIPANT036,Participant36,User36
1037,1,p37,p37@example.com,hashP37,0xPARTICIPANT037,Participant37,User37
1038,1,p38,p38@example.com,hashP38,0xPARTICIPANT038,Participant38,User38
1039,1,p39,p39@example.com,hashP39,0xPARTICIPANT039,Participant39,User39
1040,1,p40,p40@example.com,hashP40,0xPARTICIPANT040,Participant40,User40
1041,1,p41,p41@example.com,hashP41,0xPARTICIPANT041,Participant41,User41
1042,1,p42,p42@example.com,hashP42,0xPARTICIPANT042,Participant42,User42
1043,1,p43,p43@example.com,hashP43,0xPARTICIPANT043,Participant43,User43
1044,1,p44,p44@example.com,hashP44,0xPARTICIPANT044,Participant44,User44
1045,1,p45,p45@example.com,hashP45,0xPARTICIPANT045,Participant45,User45
1046,1,p46,p46@example.com,hashP46,0xPARTICIPANT046,Participant46,User46
1047,1,p47,p47@example.com,hashP47,0xPARTICIPANT047,Participant47,User47
1048,1,p48,p48@example.com,hashP48,0xPARTICIPANT048,Participant48,User48
1049,1,p49,p49@example.com,hashP49,0xPARTICIPANT049,Participant49,User49
1050,1,p50,p50@example.com,hashP50,0xPARTICIPANT050,Participant50,User50
1051,1,p51,p51@example.com,hashP51,0xPARTICIPANT051,Participant51,User51
1052,1,p52,p52@example.com,hashP52,0xPARTICIPANT052,Participant52,User52
1053,1,p53,p53@example.com,hashP53,0xPARTICIPANT053,Participant53,User53
1054,1,p54,p54@example.com,hashP54,0xPARTICIPANT054,Participant54,User54
1055,1,p55,p55@example.com,hashP55,0xPARTICIPANT055,Participant55,User55
1056,1,p56,p56@example.com,hashP56,0xPARTICIPANT056,Participant56,User56
1057,1,p57,p57@example.com,hashP57,0xPARTICIPANT057,Participant57,User57
1058,1,p58,p58@example.com,hashP58,0xPARTICIPANT058,Participant58,User58
1059,1,p59,p59@example.com,hashP59,0xPARTICIPANT059,Participant59,User59
1060,1,p60,p60@example.com,hashP60,0xPARTICIPANT060,Participant60,User60
1061,1,p61,p61@example.com,hashP61,0xPARTICIPANT061,Participant61,User61
1062,1,p62,p62@example.com,hashP62,0xPARTICIPANT062,Participant62,User62
1063,1,p63,p63@example.com,hashP63,0xPARTICIPANT063,Participant63,User63
1064,1,p64,p64@example.com,hashP64,0xPARTICIPANT064,Participant64,User64
1065,1,p65,p65@example.com,hashP65,0xPARTICIPANT065,Participant65,User65
1066,1,p66,p66@example.com,hashP66,0xPARTICIPANT066,Participant66,User66
1067,1,p67,p67@example.com,hashP67,0xPARTICIPANT067,Participant67,User67
1068,1,p68,p68@example.com,hashP68,0xPARTICIPANT068,Participant68,User68
1069,1,p69,p69@example.com,hashP69,0xPARTICIPANT069,Participant69,User69
1070,1,p70,p70@example.com,hashP70,0xPARTICIPANT070,Participant70,User70
1071,1,p71,p71@example.com,hashP71,0xPARTICIPANT071,Participant71,User71
1072,1,p72,p72@example.com,hashP72,0xPARTICIPANT072,Participant72,User72
2001,2,j1,j1@example.com,hashJ1,,Judge1,User1
2002,2,j2,j2@example.com,hashJ2,,Judge2,User2
2003,2,j3,j3@example.com,hashJ3,,Judge3,User3
2004,2,j4,j4@example.com,hashJ4,,Judge4,User4
2005,2,j5,j5@example.com,hashJ5,,Judge5,User5
2006,2,j6,j6@example.com,hashJ6,,Judge6,User6
2007,2,j7,j7@example.com,hashJ7,,Judge7,User7
2008,2,j8,j8@example.com,hashJ8,,Judge8,User8
2009,2,j9,j9@example.com,hashJ9,,Judge9,User9
2010,2,j10,j10@example.com,hashJ10,,Judge10,User10
2011,2,j11,j11@example.com,hashJ11,,Judge11,User11
2012,2,j12,j12@example.com,hashJ12,,Judge12,User12
2013,2,j13,j13@example.com,hashJ13,,Judge13,User13
2014,2,j14,j14@example.com,hashJ14,,Judge14,User14
2015,2,j15,j15@example.com,hashJ15,,Judge15,User15
2016,2,j16,j16@example.com,hashJ16,,Judge16,User16
2017,2,j17,j17@example.com,hashJ17,,Judge17,User17
2018,2,j18,j18@example.com,hashJ18,,Judge18,User18
2019,2,j19,j19@example.com,hashJ19,,Judge19,User19
2020,2,j20,j20@example.com,hashJ20,,Judge20,User20
2021,2,j21,j21@example.com,hashJ21,,Judge21,User21
2022,2,j22,j22@example.com,hashJ22,,Judge22,User22
2023,2,j23,j23@example.com,hashJ23,,Judge23,User23
2024,2,j24,j24@example.com,hashJ24,,Judge24,User24
